Epoch,Loss,Accuracy,Precision,Recall,F1-Score,ROC-AUC,True Positives,False Positives,True Negatives,False Negatives,Time
1,70.45969781279564,0.8013803680981595,0.7907024370264182,0.9963870967741936,0.8817081525462435,0.894713333814438,3861,1022,319,14,33.34577512741089
2,47.487305879592896,0.9026073619631901,0.8975206611570248,0.9809032258064516,0.9373612823674476,0.9696028481393281,3801,434,907,74,33.222391843795776
3,38.618028193712234,0.9244631901840491,0.926697720029419,0.9754838709677419,0.9504651747548404,0.9755822087512931,3780,299,1042,95,33.319132566452026
