Epoch,Loss,Accuracy,Precision,Recall,F1-Score,ROC-AUC,True Positives,False Positives,True Negatives,False Negatives
1,74.87416315078735,0.7850843558282209,0.777509068923821,0.9956129032258064,0.8731469955867376,0.8448389502297274,3858,1104,237,17
