Threshold,Accuracy,Precision,Recall,F1-Score,ROC-AUC,True Positives,False Positives,True Negatives,False Negatives
0.5,0.9375,0.9571183533447685,0.9587628865979382,0.9579399141630901,0.9817631247660848,558,25,177,24
