Threshold,Accuracy,Precision,Recall,F1-Score,ROC-AUC,Score,TP,FP,TN,FN
0.92,0.6313775510204082,1.0,0.5034364261168385,0.6697142857142857,0.9817631247660848,0.7572582775235234,293,0,202,289
